dateCBASS,CBASSrun,uniquePosition,dateCollected,site,fieldTag,gps,camera,notes,rack.col,rack.position,date_time,team,tag,depth_ft,time,lat,lon
2023-06-20T00:00:00Z,1,Run1.O1,2023-06-20T00:00:00Z,V2526,B29,5704,blueZip,NA,Orange,1,2023-06-20T11:34:00Z,AB+MS+MG,29,14,2023-06-20T15:34:55Z,24.647873751819137,-82.87181094288826
2023-06-20T00:00:00Z,1,Run1.O2,2023-06-20T00:00:00Z,V2526,B30,5704,blueZip,NA,Orange,2,2023-06-20T11:40:00Z,AB+MS+MG,30,14,2023-06-20T15:40:55Z,24.64780359528959,-82.87181396037342
2023-06-20T00:00:00Z,1,Run1.O3,2023-06-20T00:00:00Z,V2526,B27,5704,blueZip,NA,Orange,3,2023-06-20T11:16:00Z,AB+MS+MG,27,14,2023-06-20T15:16:44Z,24.64842863380909,-82.87179023958743
2023-06-20T00:00:00Z,1,Run1.O4,2023-06-20T00:00:00Z,V2526,B28,5704,blueZip,NA,Orange,4,2023-06-20T11:23:00Z,AB+MS+MG,28,14,2023-06-20T15:23:38Z,24.64835260994733,-82.8716929256916
2023-06-20T00:00:00Z,1,Run1.O5,2023-06-20T00:00:00Z,C1450,B11,8007,parkinson,very upright oriented,Orange,5,2023-06-20T10:51:00Z,RK+AW+MGa,11,18,2023-06-20T14:51:44Z,24.64923857711256,-82.8931008093059
2023-06-20T00:00:00Z,1,Run1.O6,2023-06-20T00:00:00Z,C1450,B6,8007,parkinson,gigantic thicket,Orange,6,2023-06-20T10:41:00Z,RK+AW+MGa,6,13,2023-06-20T14:41:53Z,24.649181244894866,-82.89333902299406
2023-06-20T00:00:00Z,1,Run1.O7,2023-06-20T00:00:00Z,C1450,B12,8007,parkinson,"very upright oriented, doing well amongst other partially diseased stands",Orange,7,2023-06-20T11:01:00Z,RK+AW+MGa,12,13,2023-06-20T15:01:50Z,24.649296663701538,-82.89329828694463
2023-06-20T00:00:00Z,1,Run1.O8,2023-06-20T00:00:00Z,C1443,B22,5704,blueZip,NA,Orange,8,2023-06-20T10:10:00Z,AB+MS+MG,22,15,2023-06-20T14:10:52Z,24.618775388225913,-82.89734775200488
2023-06-20T00:00:00Z,1,Run1.P1,2023-06-20T00:00:00Z,C1450,B10,8007,parkinson,NA,Pink,1,2023-06-20T10:47:00Z,RK+AW+MGa,10,14,2023-06-20T14:47:58Z,24.64899784885347,-82.89316509850323
2023-06-20T00:00:00Z,1,Run1.P2,2023-06-20T00:00:00Z,C1443,B21,5704,blueZip,NA,Pink,2,2023-06-20T09:55:00Z,AB+MS+MG,21,14,2023-06-20T13:55:56Z,24.619143856689337,-82.89728212170303
2023-06-20T00:00:00Z,1,Run1.P3,2023-06-20T00:00:00Z,C1443,B25,5704,blueZip,NA,Pink,3,2023-06-20T10:28:00Z,AB+MS+MG,25,13,2023-06-20T14:28:49Z,24.61926329880953,-82.89755285717548
2023-06-20T00:00:00Z,1,Run1.P4,2023-06-20T00:00:00Z,C1443,B26,5704,blueZip,NA,Pink,4,2023-06-20T10:33:00Z,AB+MS+MG,26,13,2023-06-20T14:33:45Z,24.61896909400821,-82.89753223769367
2023-06-20T00:00:00Z,1,Run1.P5,2023-06-20T00:00:00Z,C1443,B23,5704,blueZip,NA,Pink,5,2023-06-20T10:12:00Z,AB+MS+MG,23,17,2023-06-20T14:12:57Z,24.6189072355628,-82.89743098430337
2023-06-20T00:00:00Z,1,Run1.P6,2023-06-20T00:00:00Z,C1441,B8,8007,parkinson,"wider thicket, some patches (not sampled) shaded by octocorals and more pigmented",Pink,6,2023-06-20T09:57:00Z,RK+AW+MGa,8,12,2023-06-20T13:57:52Z,24.63290384039283,-82.90509229525924
2023-06-20T00:00:00Z,1,Run1.P7,2023-06-20T00:00:00Z,M1227,B4,8007,parkinson,largest seen yet,Pink,7,2023-06-20T09:16:00Z,RK+AW+MGa,4,11,2023-06-20T13:16:56Z,24.640867821872234,-82.89832885377109
2023-06-20T00:00:00Z,1,Run1.P8,2023-06-20T00:00:00Z,C1441,B9,8007,parkinson,huge,Pink,8,2023-06-20T09:48:00Z,RK+AW+MGa,9,13,2023-06-20T13:48:52Z,24.63272656314075,-82.90518105961382
2023-06-20T00:00:00Z,1,Run1.B1,2023-06-20T00:00:00Z,M1227,B1,8007,parkinson,NA,Blue,1,2023-06-20T09:09:00Z,RK+AW+MGa,1,11,2023-06-20T13:09:54Z,24.64075785130263,-82.8984216414392
2023-06-20T00:00:00Z,1,Run1.B2,2023-06-20T00:00:00Z,M1227,B2,8007,parkinson,"larger, perhaps propagating around",Blue,2,2023-06-20T09:23:00Z,RK+AW+MGa,2,11,2023-06-20T13:23:44Z,24.64069607667625,-82.89853680878878
2023-06-20T00:00:00Z,1,Run1.B3,2023-06-20T00:00:00Z,C1443,B24,5704,blueZip,NA,Blue,3,2023-06-20T10:23:00Z,AB+MS+MG,24,14,2023-06-20T14:23:46Z,24.61903606541455,-82.89769291877748
2023-06-20T00:00:00Z,1,Run1.B4,2023-06-20T00:00:00Z,M1227,B5,8007,parkinson,confirm w/ Matt time - done,Blue,4,2023-06-20T09:29:00Z,RK+AW+MGa,5,10,2023-06-20T13:29:46Z,24.64060664176941,-82.89840571582317
2023-06-20T00:00:00Z,1,Run1.B5,2023-06-20T00:00:00Z,C1441,B3,8007,parkinson,"isolated and tall, oriented upwards",Blue,5,2023-06-20T09:54:00Z,RK+AW+MGa,3,13,2023-06-20T13:54:52Z,24.632829492911696,-82.90516722947359
2023-06-20T00:00:00Z,1,Run1.B6,2023-06-20T00:00:00Z,C1441,B7,8007,parkinson,upright and shruby,Blue,6,2023-06-20T10:01:00Z,RK+AW+MGa,7,12,2023-06-20T14:01:58Z,24.633129816502333,-82.9051399882883
2023-06-21T00:00:00Z,2,Run2.O1,2023-06-20T00:00:00Z,K1033,B16,8007,blueZip,small spur; post-CBASS notes:  possibly throw out genotype on account of potential for it to be just random fallen frags thought to be a geno,Orange,1,2023-06-20T16:17:00Z,RC+RK+MG+MS+MGa,16,29,2023-06-20T20:17:54Z,24.70966673456133,-82.79301376082005
2023-06-21T00:00:00Z,2,Run2.O2,2023-06-20T00:00:00Z,U3026-2,B39,4662,cunning,NA,Orange,2,2023-06-20T17:23:00Z,HW+CJ+BC+SM,39,10,2023-06-20T21:23:54Z,24.69484836794436,-82.78976409696044
2023-06-21T00:00:00Z,2,Run2.O3,2023-06-20T00:00:00Z,O2263,B46,5704,blueZip & blueBand,NA,Orange,3,2023-06-20T16:58:00Z,RC+RK+MG+MS+MGa,46,12,2023-06-20T20:58:44Z,24.70821892842651,-82.80942343175411
2023-06-21T00:00:00Z,2,Run2.O4,2023-06-20T00:00:00Z,K1033,B13,8007,blueZip,NA,Orange,4,2023-06-20T15:54:00Z,RC+RK+MG+MS+MGa,13,32,2023-06-20T19:54:52Z,24.710363522171978,-82.79297394677998
2023-06-21T00:00:00Z,2,Run2.O5,2023-06-20T00:00:00Z,O2263,B48,5704,blueZip & blueBand,thicket,Orange,5,2023-06-20T17:12:00Z,RC+RK+MG+MS+MGa,48,11,2023-06-20T21:12:54Z,24.708184143528346,-82.80973867513241
2023-06-21T00:00:00Z,2,Run2.O6,2023-06-20T00:00:00Z,K1033,B14,8007,blueZip,small,Orange,6,2023-06-20T15:59:00Z,RC+RK+MG+MS+MGa,14,31,2023-06-20T19:59:57Z,24.710216168314226,-82.79302331618966
2023-06-21T00:00:00Z,2,Run2.O7,2023-06-20T00:00:00Z,O2263,B45,5704,blueZip & blueBand,no photo,Orange,7,2023-06-20T16:51:00Z,RC+RK+MG+MS+MGa,45,12,2023-06-20T20:51:52Z,24.70819202251733,-82.80931245535614
2023-06-21T00:00:00Z,2,Run2.O8,2023-06-20T00:00:00Z,O2263,B49,5704,blueZip & blueBand,NA,Orange,8,2023-06-20T17:18:00Z,RC+RK+MG+MS+MGa,49,11,2023-06-20T21:18:59Z,24.70832982100547,-82.80965854413809
2023-06-21T00:00:00Z,2,Run2.Y1,2023-06-20T00:00:00Z,U3026-2,B33,4662,cunning,NA,Yellow,1,2023-06-20T17:21:00Z,HW+CJ+BC+SM,33,11,2023-06-20T21:21:57Z,24.69486714340747,-82.78984154574573
2023-06-21T00:00:00Z,2,Run2.Y2,2023-06-20T00:00:00Z,U3026-2,B40,4662,cunning,NA,Yellow,2,2023-06-20T17:17:00Z,HW+CJ+BC+SM,40,10,2023-06-20T21:17:42Z,24.69514248892665,-82.78985344804825
2023-06-21T00:00:00Z,2,Run2.Y3,2023-06-21T00:00:00Z,U1029-2,B34,4324,cunning,"semi shaded by a rocky outcrop, more pigmented",Yellow,3,2023-06-21T10:15:00Z,RC+AW+MS+MGa,34,35,2023-06-21T14:15:52Z,24.62755325250328,-82.81077484600246
2023-06-21T00:00:00Z,2,Run2.Y4,2023-06-21T00:00:00Z,U1029-2,B37,4324,cunning,NA,Yellow,4,2023-06-21T10:30:00Z,RC+AW+MS+MGa,37,37,2023-06-21T14:30:57Z,24.62749608792365,-82.81075581908226
2023-06-21T00:00:00Z,2,Run2.Y5,2023-06-21T00:00:00Z,S1208,B35,4324,cunning,NA,Yellow,5,2023-06-21T09:39:00Z,RC+AW+MS+MGa,35,17,2023-06-21T13:39:46Z,24.624680522829298,-82.8279714100063
2023-06-21T00:00:00Z,2,Run2.Y6,2023-06-21T00:00:00Z,S1208,B32,4324,cunning,NA,Yellow,6,2023-06-21T09:23:00Z,RC+AW+MS+MGa,32,16,2023-06-21T13:23:47Z,24.624666189774874,-82.82800041139127
2023-06-21T00:00:00Z,2,Run2.Y7,2023-06-21T00:00:00Z,M1218,B69,8007,0,NA,Yellow,7,2023-06-21T10:27:00Z,CJ+HW+BC+SM,69,16,2023-06-21T14:27:56Z,24.66156299225986,-82.84534516744316
2023-06-21T00:00:00Z,2,Run2.Y8,2023-06-21T00:00:00Z,U1029-2,B79,4324,cunning,diseased branches close by,Yellow,8,2023-06-21T10:37:00Z,RC+AW+MS+MGa,79,36,2023-06-21T14:37:52Z,24.62737404741347,-82.8108296636492
2023-06-21T00:00:00Z,2,Run2.B1,2023-06-20T00:00:00Z,K1033,B15,8007,blueZip,rocky spur,Blue,1,2023-06-20T16:10:00Z,RC+RK+MG+MS+MGa,15,26,2023-06-20T20:10:50Z,24.7096489649266,-82.79292843304574
2023-06-21T00:00:00Z,2,Run2.B2,2023-06-20T00:00:00Z,O2263,B44,5704,blueZip & blueBand,NA,Blue,2,2023-06-20T16:49:00Z,RC+RK+MG+MS+MGa,44,11,2023-06-20T20:49:51Z,24.70836619846523,-82.80933961272241
2023-06-21T00:00:00Z,2,Run2.B3,2023-06-20T00:00:00Z,U3026-2,B36,4662,cunning,NA,Blue,3,2023-06-20T17:04:00Z,HW+CJ+BC+SM,36,10,2023-06-20T21:04:47Z,24.69488248229027,-82.78938498347999
2023-06-21T00:00:00Z,2,Run2.B4,2023-06-20T00:00:00Z,O2263,B47,5704,blueZip & blueBand,NA,Blue,4,2023-06-20T17:01:00Z,RC+RK+MG+MS+MGa,47,12,2023-06-20T21:01:58Z,24.70821348018945,-82.80937490053476
2023-06-21T00:00:00Z,2,Run2.B5,2023-06-20T00:00:00Z,U3026-2,B31,4662,cunning,NA,Blue,5,2023-06-20T15:05:00Z,HW+CJ+BC+SM,31,28,2023-06-20T19:05:50Z,24.688117867335677,-82.77295603416862
2023-06-21T00:00:00Z,2,Run2.B6,2023-06-21T00:00:00Z,V1523,B74,4324,0,NA,Blue,6,2023-06-21T12:29:00Z,RC+RK+MS,74,15,2023-06-21T16:29:51Z,24.66638493351639,-82.79063355177642
2023-06-21T00:00:00Z,2,Run2.B7,2023-06-21T00:00:00Z,V1523,B72,4324,0,spare medium?,Blue,7,2023-06-21T12:12:00Z,RC+RK+MS,72,14,2023-06-21T16:12:51Z,24.666405552998185,-82.79045183211565
2023-06-21T00:00:00Z,2,Run2.F1,2023-06-21T00:00:00Z,M1218,B66,8007,0,NA,Florida,1,2023-06-21T10:32:00Z,CJ+HW+BC+SM,66,12,2023-06-21T14:32:55Z,24.66146551072598,-82.84533745609225
2023-06-21T00:00:00Z,2,Run2.F2,2023-06-21T00:00:00Z,M1218,B64,8007,0,NA,Florida,2,2023-06-21T10:22:00Z,CJ+HW+BC+SM,64,15,2023-06-21T14:22:59Z,24.661709843203425,-82.84534818492831
2023-06-21T00:00:00Z,2,Run2.F3,2023-06-21T00:00:00Z,M1218,B62,8007,0,NA,Florida,3,2023-06-21T10:14:00Z,CJ+HW+BC+SM,62,18,2023-06-21T14:14:57Z,24.661855772137642,-82.84527283161879
2023-06-21T00:00:00Z,2,Run2.F4,2023-06-21T00:00:00Z,S1208,B76,4324,cunning,NA,Florida,4,2023-06-21T09:34:00Z,RC+AW+MS+MGa,76,18,2023-06-21T13:34:57Z,24.62451850064099,-82.82791692763567
2023-06-21T00:00:00Z,2,Run2.F5,2023-06-21T00:00:00Z,S1208,B80,4324,cunning,NA,Florida,5,2023-06-21T09:28:00Z,RC+AW+MS+MGa,80,17,2023-06-21T13:28:45Z,24.62456351146102,-82.82796839252114
2023-06-21T00:00:00Z,2,Run2.F6,2023-06-21T00:00:00Z,V1523,B75,4324,0,NA,Florida,6,2023-06-21T12:32:00Z,RC+RK+MS,75,14,2023-06-21T16:32:51Z,24.666414689272642,-82.79086112044753
2023-06-21T00:00:00Z,2,Run2.F7,2023-06-21T00:00:00Z,V1523,B73,4324,0,NA,Florida,7,2023-06-21T12:20:00Z,RC+RK+MS,73,15,2023-06-21T16:20:56Z,24.66651678085328,-82.79043087735774
2023-06-22T00:00:00Z,3,Run3.P1,2023-06-21T00:00:00Z,R1212,B54,4324,cunning,NA,Pink,1,2023-06-21T16:49:00Z,RC+SM+RK+MS,54,17,2023-06-21T20:49:50Z,24.70264605246485,-82.87232735194266
2023-06-22T00:00:00Z,3,Run3.P2,2023-06-21T00:00:00Z,T1247,B71,4324,cunning,Shayle watch correction - done,Pink,2,2023-06-21T15:55:00Z,RC+SM+RK+MS,71,24,2023-06-21T19:55:58Z,24.70344484783709,-82.85996957682075
2023-06-22T00:00:00Z,3,Run3.P3,2023-06-22T00:00:00Z,C1300/C1445,B124,8007,0,NA,Pink,3,2023-06-22T10:30:00Z,RK+MS+MG+HW,124,21,2023-06-22T14:30:53Z,24.618582855910066,-82.92008098214865
2023-06-22T00:00:00Z,3,Run3.P4,2023-06-22T00:00:00Z,C1300/C1445,B128,8007,0,NA,Pink,4,2023-06-22T10:34:00Z,RK+MS+MG+HW,128,20,2023-06-22T14:34:50Z,24.618551256135106,-82.92025599628687
2023-06-22T00:00:00Z,3,Run3.P5,2023-06-21T00:00:00Z,R1212,B53,4324,cunning,NA,Pink,5,2023-06-21T16:44:00Z,RC+SM+RK+MS,53,17,2023-06-21T20:44:48Z,24.702630881220106,-82.87229105830193
2023-06-22T00:00:00Z,3,Run3.P6,2023-06-21T00:00:00Z,R1212,B52,4324,cunning,NA,Pink,6,2023-06-21T16:35:00Z,RC+SM+RK+MS,52,12,2023-06-21T20:35:51Z,24.702649069949985,-82.87212417460978
2023-06-22T00:00:00Z,3,Run3.P7,2023-06-21T00:00:00Z,V1517,B101,8007,0,NA,Pink,7,2023-06-21T14:46:00Z,CJ+MGa+MG+MI,101,27,2023-06-21T18:46:49Z,24.718637717887766,-82.82477840781212
2023-06-22T00:00:00Z,3,Run3.P8,2023-06-21T00:00:00Z,V1517,B105,8007,0,confirm w/ Christina time - done,Pink,8,2023-06-21T16:09:00Z,CJ+MGa+MG+MI,105,27,2023-06-21T20:09:49Z,24.718809798359874,-82.824801877141
2023-06-22T00:00:00Z,3,Run3.O1,2023-06-21T00:00:00Z,T1247,B38,4324,cunning,Shayle watch correction - done,Orange,1,2023-06-21T16:01:00Z,RC+SM+RK+MS,38,23,2023-06-21T20:01:43Z,24.703449960798025,-82.85984150134027
2023-06-22T00:00:00Z,3,Run3.O2,NA,NA,NA,NA,NA,"ignore, most probably hammock full of random frags mistaken for genet",Orange,2,NA,NA,NA,NA,NA,NA,NA
2023-06-22T00:00:00Z,3,Run3.O3,2023-06-22T00:00:00Z,C1300/C1445,B127,8007,0,NA,Orange,3,2023-06-22T10:49:00Z,RK+MS+MG+HW,127,16,2023-06-22T14:49:57Z,24.61898535490036,-82.92031148448588
2023-06-22T00:00:00Z,3,Run3.O4,2023-06-22T00:00:00Z,C1300/C1445,B125,8007,0,NA,Orange,4,2023-06-22T10:40:00Z,RK+MS+MG+HW,125,15,2023-06-22T14:40:50Z,24.61869567632676,-82.92033989913762
2023-06-22T00:00:00Z,3,Run3.O5,2023-06-22T00:00:00Z,V2510,B146,4662,0,NA,Orange,5,2023-06-22T08:56:00Z,CJ+MGa+MG+BC,146,17,2023-06-22T12:56:52Z,24.58784851245582,-82.88773144595325
2023-06-22T00:00:00Z,3,Run3.O6,2023-06-22T00:00:00Z,V2510,B141,4662,0,NA,Orange,6,2023-06-22T08:38:00Z,CJ+MGa+MG+BC,141,24,2023-06-22T12:38:57Z,24.58783493377269,-82.88732886314392
2023-06-22T00:00:00Z,3,Run3.O7,2023-06-21T00:00:00Z,V1517,B104,8007,0,NA,Orange,7,2023-06-21T15:06:00Z,CJ+MGa+MG+MI,104,29,2023-06-21T19:06:55Z,24.719198802486066,-82.82556312158705
2023-06-22T00:00:00Z,3,Run3.O8,2023-06-21T00:00:00Z,R1212,B56,4324,cunning,NA,Orange,8,2023-06-21T17:06:00Z,RC+SM+RK+MS,56,23,2023-06-21T21:06:55Z,24.70246081240476,-82.87307518534362
2023-06-22T00:00:00Z,3,Run3.Y1,2023-06-21T00:00:00Z,V1517,B103,8007,0,NA,Yellow,1,2023-06-21T14:55:00Z,CJ+MGa+MG+MI,103,25,2023-06-21T18:55:45Z,24.718662947416306,-82.82508015632631
2023-06-22T00:00:00Z,3,Run3.Y2,2023-06-22T00:00:00Z,T2253,B92,4662,0,NA,Yellow,2,2023-06-22T09:38:00Z,CJ+MGa+MG+BC,92,10,2023-06-22T13:38:48Z,24.591570077463984,-82.89647779427469
2023-06-22T00:00:00Z,3,Run3.Y3,2023-06-22T00:00:00Z,T2253,B148,4662,0,one diseased tip collected,Yellow,3,2023-06-22T09:20:00Z,CJ+MGa+MG+BC,148,11,2023-06-22T13:20:57Z,24.591584159061313,-82.89672036655249
2023-06-22T00:00:00Z,3,Run3.Y4,2023-06-22T00:00:00Z,T2253,B147,4662,0,NA,Yellow,4,2023-06-22T09:18:00Z,CJ+MGa+MG+BC,147,11,2023-06-22T13:18:47Z,24.591701338067658,-82.89654040709138
2023-06-22T00:00:00Z,3,Run3.Y5,2023-06-22T00:00:00Z,V2510,B143,4662,0,NA,Yellow,5,2023-06-22T08:47:00Z,CJ+MGa+MG+BC,143,20,2023-06-22T12:47:55Z,24.58790752105415,-82.88753338158132
2023-06-22T00:00:00Z,3,Run3.Y6,2023-06-21T00:00:00Z,V1517,B102,8007,0,NA,Yellow,6,2023-06-21T14:51:00Z,CJ+MGa+MG+MI,102,27,2023-06-21T18:51:57Z,24.718687841668725,-82.82510253600776
2023-06-22T00:00:00Z,3,Run3.Y7,2023-06-21T00:00:00Z,R1212,B51,4324,cunning,NA,Yellow,7,2023-06-21T16:27:00Z,RC+SM+RK+MS,51,18,2023-06-21T20:27:56Z,24.702666588127613,-82.87205812521279
2023-06-22T00:00:00Z,3,Run3.Y8,2023-06-21T00:00:00Z,T1247,B78,4324,cunning,Shayle watch correction - done,Yellow,8,2023-06-21T15:49:00Z,RC+SM+RK+MS,78,28,2023-06-21T19:49:54Z,24.70330503769219,-82.86015833728017
2023-06-22T00:00:00Z,3,Run3.B1,2023-06-22T00:00:00Z,T2253,B93,4662,0,NA,Blue,1,2023-06-22T09:42:00Z,CJ+MGa+MG+BC,93,13,2023-06-22T13:42:50Z,24.591689938679338,-82.89637695997955
2023-06-22T00:00:00Z,3,Run3.B2,2023-06-22T00:00:00Z,T2253,B149,4662,0,NA,Blue,2,2023-06-22T09:26:00Z,CJ+MGa+MG+BC,149,12,2023-06-22T13:26:57Z,24.5916710793972,-82.89659941568972
2023-06-22T00:00:00Z,3,Run3.B3,2023-06-22T00:00:00Z,T2253,B91,4662,0,NA,Blue,3,2023-06-22T09:32:00Z,CJ+MGa+MG+BC,91,11,2023-06-22T13:32:48Z,24.59164073690772,-82.89651157334447
2023-06-22T00:00:00Z,3,Run3.B4,2023-06-22T00:00:00Z,V2510,B145,4662,0,NA,Blue,4,2023-06-22T08:53:00Z,CJ+MGa+MG+BC,145,19,2023-06-22T12:53:57Z,24.58792168647051,-82.88768802769482
2023-06-22T00:00:00Z,3,Run3.B5,2023-06-22T00:00:00Z,V2510,B144,4662,0,NA,Blue,5,2023-06-22T08:50:00Z,CJ+MGa+MG+BC,144,16,2023-06-22T12:50:50Z,24.587882794439793,-82.88764494471252
2023-06-22T00:00:00Z,3,Run3.B6,2023-06-22T00:00:00Z,V2510,B142,4662,0,NA,Blue,6,2023-06-22T08:43:00Z,CJ+MGa+MG+BC,142,21,2023-06-22T12:43:47Z,24.587916322052482,-82.88739767856897
2023-06-22T00:00:00Z,3,Run3.B7,2023-06-21T00:00:00Z,R1212,B55,4324,cunning,NA,Blue,7,2023-06-21T16:56:00Z,RC+SM+RK+MS,55,19,2023-06-21T20:56:47Z,24.70264714211226,-82.87243690341711
2023-06-22T00:00:00Z,3,Run3.B8,2023-06-21T00:00:00Z,T1247,B57,4324,cunning,Shayle watch correction - done,Blue,8,2023-06-21T15:40:00Z,RC+SM+RK+MS,57,30,2023-06-21T19:40:52Z,24.703168496489525,-82.86018432117999
2023-06-22T00:00:00Z,3,Run3.F1,2023-06-21T00:00:00Z,T1247,B77,4324,cunning,Shayle watch correction - done,Florida,1,2023-06-21T15:44:00Z,RC+SM+RK+MS,77,30,2023-06-21T19:44:50Z,24.70322834327817,-82.86019630730152
2023-06-22T00:00:00Z,3,Run3.F2,2023-06-22T00:00:00Z,V1524,B121,8007,blueZip,NA,Florida,2,2023-06-22T09:31:00Z,RK+MS+MG+HW,121,11,2023-06-22T13:31:50Z,24.61361506953836,-82.8716310672462
2023-06-22T00:00:00Z,3,Run3.F3,2023-06-22T00:00:00Z,C1300/C1445,B130,8007,0,NA,Florida,3,2023-06-22T10:44:00Z,RK+MS+MG+HW,130,16,2023-06-22T14:44:56Z,24.61885015480221,-82.92034735903145
2023-06-22T00:00:00Z,3,Run3.F4,2023-06-22T00:00:00Z,V1524,B123,8007,blueZip,NA,Florida,4,2023-06-22T09:44:00Z,RK+MS+MG+HW,123,11,2023-06-22T13:44:51Z,24.614255279302597,-82.87131012417376
2023-06-22T00:00:00Z,3,Run3.F5,2023-06-22T00:00:00Z,C1300/C1445,B126,8007,0,NA,Florida,5,2023-06-22T10:56:00Z,RK+MS+MG+HW,126,12,2023-06-22T14:56:48Z,24.61911376565695,-82.92048540897667
2023-06-22T00:00:00Z,3,Run3.F6,2023-06-22T00:00:00Z,V1524,B122,8007,blueZip,NA,Florida,6,2023-06-22T09:35:00Z,RK+MS+MG+HW,122,12,2023-06-22T13:35:52Z,24.61370718665421,-82.87158798426391
2023-06-22T00:00:00Z,3,Run3.F7,2023-06-22T00:00:00Z,V1524,B59,8007,blueZip,NA,Florida,7,2023-06-22T09:24:00Z,RK+MS+MG+HW,59,11,2023-06-22T13:24:54Z,24.61345128715039,-82.87175889126958
2023-06-22T00:00:00Z,3,Run3.F8,2023-06-22T00:00:00Z,V1524,B58,8007,blueZip,NA,Florida,8,2023-06-22T09:15:00Z,RK+MS+MG+HW,58,12,2023-06-22T13:15:49Z,24.6131931245327,-82.87173416465522
2023-06-23T00:00:00Z,4,Run4.P1,2023-06-22T00:00:00Z,T2253,B95,4662,0,"no depth recorded, presumed 10-13 ft",Pink,1,2023-06-22T11:34:00Z,CJ+MGa+MG+BC,95,NA,2023-06-22T15:34:47Z,24.591744840145118,-82.89679186418654
2023-06-23T00:00:00Z,4,Run4.P2,2023-06-22T00:00:00Z,R2223,B153,4662,0,NA,Pink,2,2023-06-22T16:24:00Z,MGa+MI+HW+SM,153,26,2023-06-22T20:24:49Z,24.62868958711624,-82.94540899805726
2023-06-23T00:00:00Z,4,Run4.P3,2023-06-22T00:00:00Z,R2223,B156,4662,0,NA,Pink,3,2023-06-22T16:37:00Z,MGa+MI+HW+SM,156,26,2023-06-22T20:37:50Z,24.62926307693124,-82.94583773240447
2023-06-23T00:00:00Z,4,Run4.P4,2023-06-22T00:00:00Z,R2223,B152,4662,0,NA,Pink,4,2023-06-22T16:19:00Z,MGa+MI+HW+SM,152,25,2023-06-22T20:19:50Z,24.62852898985148,-82.94575491920114
2023-06-23T00:00:00Z,4,Run4.P5,2023-06-22T00:00:00Z,J2859,B174,8007,blueBand,NA,Pink,5,2023-06-22T16:24:00Z,RK+MS+MG+AW,174,10,2023-06-22T20:24:58Z,24.632487092167146,-82.90506740100682
2023-06-23T00:00:00Z,4,Run4.P6,2023-06-22T00:00:00Z,R2223,B154,4662,0,NA,Pink,6,2023-06-22T16:32:00Z,MGa+MI+HW+SM,154,27,2023-06-22T20:32:48Z,24.6292011346668,-82.94575793668628
2023-06-23T00:00:00Z,4,Run4.P7,2023-06-22T00:00:00Z,R2223,B151,4662,0,NA,Pink,7,2023-06-22T16:15:00Z,MGa+MI+HW+SM,151,24,2023-06-22T20:15:59Z,24.62862990796566,-82.94597284868361
2023-06-23T00:00:00Z,4,Run4.P8,2023-06-22T00:00:00Z,J2859,B179,8007,blueBand,NA,Pink,8,2023-06-22T16:20:00Z,RK+MS+MG+AW,179,12,2023-06-22T20:20:48Z,24.63235574774444,-82.90514736436307
2023-06-23T00:00:00Z,4,Run4.O1,2023-06-22T00:00:00Z,V1548,B113,8007,redBlack,NA,Orange,1,2023-06-22T11:49:00Z,RK+MS+MG+HW,113,41,2023-06-22T15:49:47Z,24.60075991228223,-82.94812976382673
2023-06-23T00:00:00Z,4,Run4.O2,2023-06-22T00:00:00Z,V1548,B111,8007,redBlack,NA,Orange,2,2023-06-22T11:44:00Z,RK+MS+MG+HW,111,41,2023-06-22T15:44:56Z,24.60088304243982,-82.94801250100137
2023-06-23T00:00:00Z,4,Run4.O3,2023-06-22T00:00:00Z,V1548,B114,8007,redBlack,NA,Orange,3,2023-06-22T11:52:00Z,RK+MS+MG+HW,114,41,2023-06-22T15:52:56Z,24.60070123896003,-82.94824333861472
2023-06-23T00:00:00Z,4,Run4.O4,2023-06-22T00:00:00Z,V1548,B115,8007,redBlack,NA,Orange,4,2023-06-22T11:57:00Z,RK+MS+MG+HW,115,41,2023-06-22T15:57:51Z,24.600793607532978,-82.94825071468951
2023-06-23T00:00:00Z,4,Run4.O5,2023-06-22T00:00:00Z,V1548,B112,8007,redBlack,NA,Orange,5,2023-06-22T11:45:00Z,RK+MS+MG+HW,112,41,2023-06-22T15:45:52Z,24.600854124873877,-82.94802649877965
2023-06-23T00:00:00Z,4,Run4.O6,2023-06-22T00:00:00Z,V1548,B116,8007,redBlack,NA,Orange,6,2023-06-22T12:09:00Z,RK+MS+MG+HW,116,43,2023-06-22T16:09:54Z,24.600681541487578,-82.94816228561105
2023-06-23T00:00:00Z,4,Run4.O7,2023-06-22T00:00:00Z,T2253,B96,4662,0,"no depth recorded, presumed 10-13 ft",Orange,7,2023-06-22T11:42:00Z,CJ+MGa+MG+BC,96,NA,2023-06-22T15:42:52Z,24.591635456308722,-82.89655029773712
2023-06-23T00:00:00Z,4,Run4.O8,2023-06-22T00:00:00Z,T2253,B94,4662,0,"no depth recorded, presumed 10-13 ft",Orange,8,2023-06-22T11:29:00Z,CJ+MGa+MG+BC,94,NA,2023-06-22T15:29:55Z,24.592558890581138,-82.89723325520754
2023-06-23T00:00:00Z,4,Run4.Y1,2023-06-22T00:00:00Z,C1449,B175,8007,blueBand,NA,Yellow,1,2023-06-22T16:53:00Z,RK+MS+MG+AW,175,13,2023-06-22T20:53:50Z,24.650023709982634,-82.89400211535394
2023-06-23T00:00:00Z,4,Run4.Y2,2023-06-22T00:00:00Z,C1449,B178,8007,blueBand,NA,Yellow,2,2023-06-22T17:02:00Z,RK+MS+MG+AW,178,11,2023-06-22T21:02:48Z,24.64958156459034,-82.89362979121506
2023-06-23T00:00:00Z,4,Run4.Y3,2023-06-22T00:00:00Z,J2859,B180,8007,blueBand,NA,Yellow,3,2023-06-22T16:15:00Z,RK+MS+MG+AW,180,21,2023-06-22T20:15:50Z,24.632284585386522,-82.90516471490264
2023-06-23T00:00:00Z,4,Run4.Y4,2023-06-22T00:00:00Z,R2223,B155,4662,0,NA,Yellow,4,2023-06-22T16:35:00Z,MGa+MI+HW+SM,155,27,2023-06-22T20:35:45Z,24.629239356145266,-82.94582306407392
2023-06-23T00:00:00Z,4,Run4.Y5,2023-06-22T00:00:00Z,C1449,B172,8007,blueBand,NA,Yellow,5,2023-06-22T16:47:00Z,RK+MS+MG+AW,172,12,2023-06-22T20:47:55Z,24.649902004748586,-82.8937052283436
2023-06-23T00:00:00Z,4,Run4.Y6,2023-06-23T00:00:00Z,C1447,B160,4662,blackCamera,NA,Yellow,6,2023-06-23T09:28:00Z,SM+MGa+MI,160,8,2023-06-23T13:28:52Z,24.633448999375105,-82.87350928410889
2023-06-23T00:00:00Z,4,Run4.Y7,2023-06-23T00:00:00Z,R1215,B159,4662,blackCamera,NA,Yellow,7,2023-06-23T09:09:00Z,SM+MGa+MI,159,8,2023-06-23T13:09:48Z,24.632815327495337,-82.87499573081732
2023-06-23T00:00:00Z,4,Run4.Y8,2023-06-23T00:00:00Z,C1447,B107,4662,blackCamera,NA,Yellow,8,2023-06-23T09:36:00Z,SM+MGa+MI,107,7,2023-06-23T13:36:48Z,24.63384638540447,-82.87359603680672
2023-06-24T00:00:00Z,5,Run5.P1,2023-06-23T00:00:00Z,S1254,B191,4662,orangeZip,sort of small but big for the area,Pink,1,2023-06-23T15:55:00Z,RC+CJ+AW+HW,191,22,2023-06-23T19:55:49Z,24.67408161610365,-82.88670281879604
2023-06-24T00:00:00Z,5,Run5.P2,2023-06-23T00:00:00Z,O1298,B193,4662,orangeZip,NA,Pink,2,2023-06-23T16:40:00Z,RC+CJ+AW+HW,193,14,2023-06-23T20:40:55Z,24.66938992962242,-82.87554868496954
2023-06-24T00:00:00Z,5,Run5.P3,2023-06-23T00:00:00Z,O1298,B194,4662,orangeZip,NA,Pink,3,2023-06-23T16:45:00Z,RC+CJ+AW+HW,194,14,2023-06-23T20:45:59Z,24.66932756826282,-82.87558598443866
2023-06-24T00:00:00Z,5,Run5.P4,2023-06-23T00:00:00Z,S1254,B195,4662,orangeZip,NA,Pink,4,2023-06-23T16:06:00Z,RC+CJ+AW+HW,195,15,2023-06-23T20:06:51Z,24.67414322309196,-82.88654364645483
2023-06-24T00:00:00Z,5,Run5.P5,2023-06-23T00:00:00Z,S1254,B192,4662,orangeZip,"nubby branches, off from the main bit",Pink,5,2023-06-23T16:14:00Z,RC+CJ+AW+HW,192,17,2023-06-23T20:14:46Z,24.67410902492702,-82.88630040362477
2023-06-24T00:00:00Z,5,Run5.P6,2023-06-23T00:00:00Z,O1313,B109,8007,blueZip,NA,Pink,6,2023-06-23T15:23:00Z,SM+RK+MG+MS,109,20,2023-06-23T19:23:54Z,24.66961615718902,-82.89951765909791
2023-06-24T00:00:00Z,5,Run5.P7,2023-06-23T00:00:00Z,O1313,B119,8007,blueZip,NA,Pink,7,2023-06-23T15:29:00Z,SM+RK+MG+MS,119,21,2023-06-23T19:29:51Z,24.66969477944076,-82.89992585778238
2023-06-24T00:00:00Z,5,Run5.P8,2023-06-23T00:00:00Z,O1313,B60,8007,blueZip,NA,Pink,8,2023-06-23T15:46:00Z,SM+RK+MG+MS,60,17,2023-06-23T19:46:50Z,24.66974498704076,-82.89883730001748
2023-06-24T00:00:00Z,5,Run5.O1,2023-06-23T00:00:00Z,J2856,B19,8007,blueZip,NA,Orange,1,2023-06-23T14:49:00Z,SM+RK+MG+MS,19,13,2023-06-23T18:49:51Z,24.67001119628549,-82.90929766371848
2023-06-24T00:00:00Z,5,Run5.O2,2023-06-23T00:00:00Z,T3021,B181,4662,orangeZip,NA,Orange,2,2023-06-23T13:20:00Z,CJ+BC+MGa+MI,181,15,2023-06-23T17:20:42Z,24.697160264477137,-82.88605883717538
2023-06-24T00:00:00Z,5,Run5.O3,2023-06-23T00:00:00Z,J2856,B99,8007,blueZip,NA,Orange,3,2023-06-23T14:38:00Z,SM+RK+MG+MS,99,12,2023-06-23T18:38:57Z,24.66955941170454,-82.90897814556958
2023-06-24T00:00:00Z,5,Run5.O4,2023-06-23T00:00:00Z,K1021,B185,4662,orangeZip,NA,Orange,4,2023-06-23T14:16:00Z,CJ+BC+MGa+MI,185,17,2023-06-23T18:16:59Z,24.6971503738314,-82.86333097144963
2023-06-24T00:00:00Z,5,Run5.O5,2023-06-23T00:00:00Z,T3021,B182,4662,orangeZip,NA,Orange,5,2023-06-23T13:27:00Z,CJ+BC+MGa+MI,182,13,2023-06-23T17:27:58Z,24.69719043932856,-82.88622354157269
2023-06-24T00:00:00Z,5,Run5.O6,2023-06-23T00:00:00Z,J2856,B98,8007,blueZip,NA,Orange,6,2023-06-23T14:44:00Z,SM+RK+MG+MS,98,14,2023-06-23T18:44:51Z,24.66976443305612,-82.90899231098592
2023-06-24T00:00:00Z,5,Run5.O7,2023-06-23T00:00:00Z,J2858,B18,8007,blueZip,NA,Orange,7,2023-06-23T14:06:00Z,SM+RK+MG+MS,18,11,2023-06-23T18:06:58Z,24.66314775869251,-82.91203879751265
2023-06-24T00:00:00Z,5,Run5.O8,2023-06-23T00:00:00Z,J2858,B97,8007,blueZip,NA,Orange,8,2023-06-23T14:12:00Z,SM+RK+MG+MS,97,13,2023-06-23T18:12:54Z,24.663275750353932,-82.91205053217709
2023-06-24T00:00:00Z,5,Run5.Y1,2023-06-23T00:00:00Z,T3021,B184,4662,orangeZip,NA,Yellow,1,2023-06-23T13:30:00Z,CJ+BC+MGa+MI,184,14,2023-06-23T17:30:57Z,24.697299571707845,-82.886110721156
2023-06-24T00:00:00Z,5,Run5.Y2,2023-06-23T00:00:00Z,K1021,B187,4662,orangeZip,NA,Yellow,2,2023-06-23T14:25:00Z,CJ+BC+MGa+MI,187,23,2023-06-23T18:25:46Z,24.697142578661442,-82.86334102973343
2023-06-24T00:00:00Z,5,Run5.Y3,2023-06-23T00:00:00Z,R1215,B158,4662,blackCamera,one geno left for CBASS run 5,Yellow,3,2023-06-23T08:53:00Z,SM+MGa+MI,158,7,2023-06-23T12:53:42Z,24.632052490487702,-82.87572411820294
2023-06-24T00:00:00Z,5,Run5.Y4,2023-06-23T00:00:00Z,K1021,B186,4662,orangeZip,NA,Yellow,4,2023-06-23T14:20:00Z,CJ+BC+MGa+MI,186,19,2023-06-23T18:20:52Z,24.697192786261446,-82.86339417099953
2023-06-24T00:00:00Z,5,Run5.Y5,2023-06-23T00:00:00Z,J2858,B100,8007,blueZip,NA,Yellow,5,2023-06-23T14:16:00Z,SM+RK+MG+MS,100,10,2023-06-23T18:16:51Z,24.663171647116545,-82.91209973394871
2023-06-24T00:00:00Z,5,Run5.Y6,2023-06-23T00:00:00Z,O1313,B117,8007,blueZip,NA,Yellow,6,2023-06-23T15:31:00Z,SM+RK+MG+MS,117,23,2023-06-23T19:31:56Z,24.669681284576658,-82.90001671761274
2023-06-24T00:00:00Z,5,Run5.B1,2023-06-24T00:00:00Z,CT (Waypoint 660),B110,4662,NA,"separated from crapton, waypoint 660 on Narwhal Boat GPS",Blue,1,2023-06-24T12:00:00Z,RC+SM+MG+AW,110,8,2023-06-24T16:00:57Z,24.695512214675546,-82.79557904228568
2023-06-24T00:00:00Z,5,Run5.B2,2023-06-24T00:00:00Z,CT (Waypoint 661),B108,4662,NA,center of crapton,Blue,2,2023-06-24T11:35:00Z,RC+SM+MG+AW,108,8,2023-06-24T15:35:51Z,24.696134151890874,-82.79745642095806
2023-06-24T00:00:00Z,5,Run5.B3,2023-06-24T00:00:00Z,CT (Waypoint 661),B118,4662,NA,"edge of crapton, separated by Ofav and sand",Blue,3,2023-06-24T11:29:00Z,RC+SM+MG+AW,118,9,2023-06-24T15:29:59Z,24.696067348122597,-82.79768055304885
2023-06-24T00:00:00Z,5,Run5.B4,2023-06-24T00:00:00Z,CT (Waypoint 661),B129,4662,NA,edge of crapton,Blue,4,2023-06-24T11:24:00Z,RC+SM+MG+AW,129,9,2023-06-24T15:24:49Z,24.696008088067178,-82.79745323583484
2023-06-26T00:00:00Z,6,Run6.P1,2023-06-25T00:00:00Z,TexasRock-Acer-ACR-2(S),B83,8203,cunning,NA,Pink,1,2023-06-25T15:24:00Z,FL+BC,83,12,2023-06-25T19:24:48Z,24.680445324629545,-82.89050652645528
2023-06-26T00:00:00Z,6,Run6.P2,2023-06-25T00:00:00Z,TexasRock-Acer-ACR-1(N),B67,4662,blueBand,NA,Pink,2,2023-06-25T16:38:00Z,RK+MG,67,13,2023-06-25T20:38:47Z,24.6814753767103,-82.89093006402256
2023-06-26T00:00:00Z,6,Run6.P3,2023-06-25T00:00:00Z,TexasRock-Acer-ACR-1(N),B165,4662,blueBand,NA,Pink,3,2023-06-25T15:47:00Z,RK+MG,165,11,2023-06-25T19:47:56Z,24.681287202984098,-82.89114908315243
2023-06-26T00:00:00Z,6,Run6.P4,2023-06-25T00:00:00Z,TexasRock-Acer-ACR-1(N),B170,4662,blueBand,NA,Pink,4,2023-06-25T15:55:00Z,RK+MG,170,14,2023-06-25T19:55:54Z,24.681324250996113,-82.89096384309232
2023-06-26T00:00:00Z,6,Run6.P5,2023-06-25T00:00:00Z,TexasRock-Acer-ELS-2(S),B88,5730,orangeZip,NA,Pink,5,2023-06-25T16:00:00Z,CJ+SA,88,14,2023-06-25T20:00:52Z,24.683502288535237,-82.8961479663849
2023-06-26T00:00:00Z,6,Run6.P6,2023-06-25T00:00:00Z,TexasRock-Acer-ACR-1(N),B167,4662,blueBand,NA,Pink,6,2023-06-25T15:42:00Z,RK+MG,167,11,2023-06-25T19:42:50Z,24.68103717081249,-82.89103894494474
2023-06-26T00:00:00Z,6,Run6.P7,2023-06-25T00:00:00Z,TexasRock-Acer-ELS-2(S),B87,5730,orangeZip,NA,Pink,7,2023-06-25T16:28:00Z,CJ+SA,87,14,2023-06-25T20:28:49Z,24.68514564447105,-82.89664451032877
2023-06-26T00:00:00Z,6,Run6.P8,2023-06-25T00:00:00Z,TexasRock-Acer-ELS-1(N),B17,8007,parkinson,NA,Pink,8,2023-06-25T15:53:00Z,JP+SL,17,13,2023-06-25T19:53:59Z,24.68278354033828,-82.8961704298854
2023-06-26T00:00:00Z,6,Run6.Y1,2023-06-25T00:00:00Z,Pulaski-N_1,B188,4662,cunning,NA,Yellow,1,2023-06-25T08:44:00Z,RK+AW+BC,188,7,2023-06-25T12:44:59Z,24.702369952574372,-82.79972456395626
2023-06-26T00:00:00Z,6,Run6.Y2,2023-06-25T00:00:00Z,Pulaski-N_2,B164,4662,cunning,NA,Yellow,2,2023-06-25T11:33:00Z,SM+FL,164,12,2023-06-25T15:33:46Z,24.70236718654633,-82.79940915293993
2023-06-26T00:00:00Z,6,Run6.Y3,2023-06-25T00:00:00Z,Pulaski-N_2,B168,4662,cunning,NA,Yellow,3,2023-06-25T10:55:00Z,SM+FL,168,12,2023-06-25T14:55:47Z,24.702134002000093,-82.8000539727509
2023-06-26T00:00:00Z,6,Run6.Y4,2023-06-25T00:00:00Z,TexasRock-Acer-ACR-2(S),B81,8203,cunning,NA,Yellow,4,2023-06-25T15:50:00Z,FL+BC,81,13,2023-06-25T19:50:49Z,24.680864922702312,-82.8908630926162
2023-06-26T00:00:00Z,6,Run6.Y5,2023-06-26T00:00:00Z,SouthwestChannel-Acer-TNC(S),B176,4662,blueBand,NA,Yellow,5,2023-06-26T08:52:00Z,MG+SL,176,14,2023-06-26T12:52:48Z,24.619264472275972,-82.91994360275567
2023-06-26T00:00:00Z,6,Run6.Y6,2023-06-26T00:00:00Z,SouthwestChannel-Acer-TNC(S),B177,4662,blueBand,NA,Yellow,6,2023-06-26T09:08:00Z,MG+SL,177,21,2023-06-26T13:08:59Z,24.61906841956079,-82.91971804574132
2023-06-26T00:00:00Z,6,Run6.Y7,2023-06-26T00:00:00Z,SouthwestChannel-Acer-TNC(S),B183,4662,blueBand,NA,Yellow,7,2023-06-26T09:00:00Z,MG+SL,183,14,2023-06-26T13:00:58Z,24.61923697963357,-82.91984762996435
2023-06-26T00:00:00Z,6,Run6.B1,2023-06-26T00:00:00Z,SouthwestChannel-Acer-TNC(S),B42,8203,blueZip,NA,Blue,1,2023-06-26T09:11:00Z,RK+FL,42,18,2023-06-26T13:11:46Z,24.61942154914141,-82.92044718749821
2023-06-26T00:00:00Z,6,Run6.B2,2023-06-26T00:00:00Z,SouthwestChannel-Acer-TNC(S),B090,4662,blueBand,NA,Blue,2,2023-06-26T09:18:00Z,MG+SL,90,18,2023-06-26T13:18:56Z,24.618548825383186,-82.92013110592963
2023-06-26T00:00:00Z,6,Run6.B3,2023-06-26T00:00:00Z,SouthwestChannel-Acer-TNC(S),B173,8203,blueZip,NA,Blue,3,2023-06-26T09:27:00Z,RK+FL,173,18,2023-06-26T13:27:52Z,24.619176378473647,-82.92039781808853
2023-06-26T00:00:00Z,6,Run6.B4,2023-06-26T00:00:00Z,SouthwestChannel-Acer-TNC(S),Y80,8203,blueZip,NA,Blue,4,2023-06-26T08:50:00Z,RK+FL,80,15,2023-06-26T12:50:59Z,24.61940838955343,-82.9203562438488
2023-06-26T00:00:00Z,6,Run6.B5,2023-06-26T00:00:00Z,SouthwestChannel-Acer-TNC(S),B020,4662,blueBand,NA,Blue,5,2023-06-26T09:28:00Z,MG+SL,20,22,2023-06-26T13:28:43Z,24.618416223675013,-82.92044190689923
2023-06-26T00:00:00Z,6,Run6.B6,2023-06-26T00:00:00Z,SouthwestChannel-Acer-TNC(S),Y87,8203,blueZip,NA,Blue,6,2023-06-26T08:58:00Z,RK+FL,87,15,2023-06-26T12:58:52Z,24.619540404528387,-82.92019707150757
2023-06-26T00:00:00Z,6,Run6.B7,2023-06-26T00:00:00Z,SouthwestChannel-Acer-TNC(S),B171,8203,blueZip,NA,Blue,7,2023-06-26T09:22:00Z,RK+FL,171,18,2023-06-26T13:22:50Z,24.619183922186497,-82.92042941786349
2023-06-26T00:00:00Z,6,Run6.O1,2023-06-25T00:00:00Z,Pulaski-S_1,B133,8007,orangeZip,NA,Orange,1,2023-06-25T10:30:00Z,JP+MG+SL,133,8,2023-06-25T14:30:50Z,24.70146227627993,-82.8003689646721
2023-06-26T00:00:00Z,6,Run6.O2,2023-06-25T00:00:00Z,Pulaski-S_1,B136,8007,orangeZip,NA,Orange,2,2023-06-25T10:19:00Z,JP+MG+SL,136,9,2023-06-25T14:19:53Z,24.701301008462906,-82.80006118118763
2023-06-26T00:00:00Z,6,Run6.O3,2023-06-25T00:00:00Z,Pulaski-S_2,B134,4324,orangeZip,"should have been 8007 gps, but can use 4324",Orange,3,2023-06-25T11:50:00Z,JP+MG,134,9,2023-06-25T15:50:53Z,24.700231309980154,-82.79979379847647
2023-06-26T00:00:00Z,6,Run6.O4,2023-06-25T00:00:00Z,Pulaski-S_2,B131,4324,orangeZip,"should have been 8007 gps, but can use 4324",Orange,4,2023-06-25T12:01:00Z,JP+MG,131,9,2023-06-25T16:01:53Z,24.703151732683185,-82.79958005994558
2023-06-26T00:00:00Z,6,Run6.O5,2023-06-25T00:00:00Z,Pulaski-S_2,B135,4324,orangeZip,"should have been 8007 gps, but can use 4324",Orange,5,2023-06-25T11:39:00Z,JP+MG,135,9,2023-06-25T15:39:50Z,24.70156788825989,-82.79960956424476
2023-06-26T00:00:00Z,6,Run6.O6,2023-06-25T00:00:00Z,Pulaski-S_1,B138,8007,orangeZip,NA,Orange,6,2023-06-25T09:46:00Z,JP+MG+SL,138,9,2023-06-25T13:46:45Z,24.70203995704651,-82.79984819702806
2023-06-26T00:00:00Z,6,Run6.O7,2023-06-25T00:00:00Z,Pulaski-S_2,B132,4324,orangeZip,"should have been 8007 gps, but can use 4324",Orange,7,2023-06-25T12:12:00Z,JP+MG,132,10,2023-06-25T16:12:53Z,24.700189232826233,-82.79991768300533
2023-06-26T00:00:00Z,6,Run6.O8,2023-06-25T00:00:00Z,TexasRock-Acer-ELS-2(S),B85,5730,orangeZip,NA,Orange,8,2023-06-25T15:50:00Z,CJ+SA,85,12,2023-06-25T19:50:59Z,24.683422492817044,-82.89612458087505
2023-06-27T00:00:00Z,7,Run7.P1,2023-06-25T00:00:00Z,TexasRock-Acer-ELS-2(S),B89,5730,orangeZip,NA,Pink,1,2023-06-25T15:37:00Z,CJ+SA,89,10,2023-06-25T19:37:52Z,24.68333020806313,-82.89612533524632
2023-06-27T00:00:00Z,7,Run7.P2,2023-06-25T00:00:00Z,TexasRock-Acer-ELS-1(N),B41,8007,parkinson,NA,Pink,2,2023-06-25T16:28:00Z,JP+SL,41,8,2023-06-25T20:28:48Z,24.681114116683602,-82.89562325924636
2023-06-27T00:00:00Z,7,Run7.P3,2023-06-25T00:00:00Z,TexasRock-Acer-ELS-1(N),B43,8007,parkinson,NA,Pink,3,2023-06-25T15:42:00Z,JP+SL,43,11,2023-06-25T19:42:56Z,24.68302242457867,-82.89610614068808
2023-06-27T00:00:00Z,7,Run7.P4,2023-06-26T00:00:00Z,SouthwestChannel-Acer-TNC(N),B198,5730,blackparkinson,NA,Pink,4,2023-06-26T09:55:00Z,JP+SA,198,14,2023-06-26T13:55:56Z,24.620680930092938,-82.91988342069091
2023-06-27T00:00:00Z,7,Run7.P5,2023-06-26T00:00:00Z,SouthwestChannel-Acer-TNC(N),B70,8007,cunning,NA,Pink,5,2023-06-26T09:35:00Z,HW+BC,70,21,2023-06-26T13:35:51Z,24.620998101308945,-82.92130918242037
2023-06-27T00:00:00Z,7,Run7.P6,2023-06-26T00:00:00Z,SouthwestChannel-Acer-TNC(N),B63,8007,cunning,NA,Pink,6,2023-06-26T09:20:00Z,HW+BC,63,25,2023-06-26T13:20:43Z,24.620723761618137,-82.92117255739868
2023-06-27T00:00:00Z,7,Run7.P7,2023-06-26T00:00:00Z,SouthwestChannel-Acer-TNC(N),B196,5730,blackparkinson,NA,Pink,7,2023-06-26T09:40:00Z,JP+SA,196,14,2023-06-26T13:40:57Z,24.620940266177058,-82.92081917636096
2023-06-27T00:00:00Z,7,Run7.P8,2023-06-26T00:00:00Z,SouthwestChannel-Acer-TNC(N),B65,8007,cunning,NA,Pink,8,2023-06-26T09:15:00Z,HW+BC,65,25,2023-06-26T13:15:44Z,24.62066559121013,-82.92118429206313
2023-06-27T00:00:00Z,7,Run7.O1,2023-06-26T00:00:00Z,SouthwestChannel-Acer-TNC(N),B68,8007,cunning,NA,Orange,1,2023-06-26T09:50:00Z,HW+BC,68,19,2023-06-26T13:50:48Z,24.62130169384182,-82.9216419439763
2023-06-27T00:00:00Z,7,Run7.O2,2023-06-26T00:00:00Z,SouthwestChannel-Acer-TNC(N),B197,5730,blackparkinson,originally written as hammock 27 - rectified,Orange,2,2023-06-26T09:17:00Z,JP+SA,197,22,2023-06-26T13:17:39Z,24.620500635355718,-82.92109703645112
2023-06-27T00:00:00Z,7,Run7.O3,2023-06-26T00:00:00Z,SouthwestChannel-Acer-TNC(N),B199,5730,blackparkinson,NA,Orange,3,2023-06-26T10:04:00Z,JP+SA,199,14,2023-06-26T14:04:53Z,24.62058269418776,-82.91996891610326
2023-06-27T00:00:00Z,7,Run7.O4,2023-06-26T00:00:00Z,SouthwestChannel-Acer-TNC(N),B61,8007,cunning,NA,Orange,4,2023-06-26T09:28:00Z,HW+BC,61,16,2023-06-26T13:28:56Z,24.62094160728157,-82.92123014107348
2023-06-27T00:00:00Z,7,Run7.O5,2023-06-26T00:00:00Z,SouthwestChannel-Acer-TNC(N),B200,5730,blackparkinson,NA,Orange,5,2023-06-26T09:30:00Z,JP+SA,200,15,2023-06-26T13:30:44Z,24.62074773386121,-82.92075983248651
2023-06-27T00:00:00Z,7,Run7.O6,2023-06-25T00:00:00Z,TexasRock-Acer-ACR-2(S),B84,8203,cunning,NA,Orange,6,2023-06-25T15:54:00Z,FL+BC,84,13,2023-06-25T19:54:55Z,24.68088897876442,-82.89098328910768
2023-06-27T00:00:00Z,7,Run7.O7,2023-06-25T00:00:00Z,TexasRock-Acer-ACR-2(S),B82,8203,cunning,NA,Orange,7,2023-06-25T16:02:00Z,FL+BC,82,13,2023-06-25T20:02:54Z,24.68078604899347,-82.89112309925258
2023-06-27T00:00:00Z,7,Run7.O8,2023-06-25T00:00:00Z,Pulaski-N_2,B169,4662,cunning,NA,Orange,8,2023-06-25T11:22:00Z,SM+FL,169,12,2023-06-25T15:22:52Z,24.70264932140708,-82.79942298308015
2023-06-27T00:00:00Z,7,Run7.Y1,2023-06-25T00:00:00Z,Pulaski-N_1,B190,4662,cunning,NA,Yellow,1,2023-06-25T08:55:00Z,RK+AW+BC,190,7,2023-06-25T12:55:50Z,24.702460058033466,-82.79965599998833
2023-06-27T00:00:00Z,7,Run7.Y2,2023-06-25T00:00:00Z,TexasRock-Acer-ELS-1(N),B50,8007,parkinson,NA,Yellow,2,2023-06-25T16:05:00Z,JP+SL,50,10,2023-06-25T20:05:55Z,24.68249914236367,-82.89630915038289
2023-06-27T00:00:00Z,7,Run7.Y3,2023-06-25T00:00:00Z,Pulaski-S_2,B86,4324,orangeZip,"should have been 8007 gps, but can use 4324",Yellow,3,2023-06-25T12:22:00Z,JP+MG,86,10,2023-06-25T16:22:53Z,24.70032594166696,-82.79945047572255
2023-06-27T00:00:00Z,7,Run7.Y4,2023-06-25T00:00:00Z,Pulaski-N_2,B166,4662,cunning,NA,Yellow,4,2023-06-25T11:04:00Z,SM+FL,166,12,2023-06-25T15:04:49Z,24.70183527097106,-82.8002568986267
2023-06-27T00:00:00Z,7,Run7.Y5,2023-06-25T00:00:00Z,TexasRock-Acer-ELS-1(N),B106,8007,parkinson,NA,Yellow,5,2023-06-25T16:39:00Z,JP+SL,106,11,2023-06-25T20:39:48Z,24.680669875815514,-82.89530080743134
2023-06-27T00:00:00Z,7,Run7.Y6,2023-06-25T00:00:00Z,Pulaski-N_1,B161,4662,cunning,NA,Yellow,6,2023-06-25T09:06:00Z,RK+AW+BC,161,11,2023-06-25T13:06:51Z,24.70249484293163,-82.7991628088057
2023-06-27T00:00:00Z,7,Run7.Y7,2023-06-25T00:00:00Z,TexasRock-Acer-ACR-1(N),B120,4662,blueBand,NA,Yellow,7,2023-06-25T15:27:00Z,RK+MG,120,10,2023-06-25T19:27:52Z,24.680851260200146,-82.89108647033574
2023-06-27T00:00:00Z,7,Run7.B1,2023-06-25T00:00:00Z,TexasRock-Acer-ACR-1(N),B163,4662,blueBand,NA,Blue,1,2023-06-25T15:36:00Z,RK+MG,163,11,2023-06-25T19:36:51Z,24.680938515812162,-82.89100416004658
2023-06-27T00:00:00Z,7,Run7.B2,2023-06-25T00:00:00Z,Pulaski-S_1,B137,8007,orangeZip,NA,Blue,2,2023-06-25T10:15:00Z,JP+MG+SL,137,8,2023-06-25T14:15:51Z,24.701400920748714,-82.7999632805586
2023-06-27T00:00:00Z,7,Run7.B3,2023-06-25T00:00:00Z,Pulaski-N_1,B150,4662,cunning,NA,Blue,3,2023-06-25T09:23:00Z,RK+AW+BC,150,7,2023-06-25T13:23:48Z,24.703166736289866,-82.7993068099022
2023-06-27T00:00:00Z,7,Run7.B4,2023-06-25T00:00:00Z,Pulaski-S_1,B139,8007,orangeZip,NA,Blue,4,2023-06-25T10:01:00Z,JP+MG+SL,139,9,2023-06-25T14:01:46Z,24.70149764791131,-82.80006151646377
2023-06-27T00:00:00Z,7,Run7.B5,2023-06-25T00:00:00Z,Pulaski-N_1,B162,4662,cunning,NA,Blue,5,2023-06-25T09:00:00Z,RK+AW+BC,162,7,2023-06-25T13:00:54Z,24.702579332515597,-82.79944846406579
2023-06-27T00:00:00Z,7,Run7.B6,2023-06-25T00:00:00Z,Pulaski-N_1,B189,4662,cunning,NA,Blue,6,2023-06-25T08:50:00Z,RK+AW+BC,189,7,2023-06-25T12:50:50Z,24.702399373054504,-82.79974250122906
2023-06-27T00:00:00Z,7,Run7.B7,2023-06-25T00:00:00Z,TexasRock-Acer-ACR-2(S),B140,8203,cunning,NA,Blue,7,2023-06-25T15:45:00Z,FL+BC,140,13,2023-06-25T19:45:58Z,24.680878417566426,-82.89080190472305
2023-06-30T00:00:00Z,8,Run8.P1,NA,RRT,RRT.Apal-026,NA,NA,NA,Pink,1,NA,NA,NA,NA,NA,NA,NA
2023-06-30T00:00:00Z,8,Run8.P1,NA,RRT,RRT.Apal-CN2,NA,NA,NA,Pink,2,NA,NA,NA,NA,NA,NA,NA
2023-06-30T00:00:00Z,8,Run8.P1,NA,RRT,RRT.Apal-206,NA,NA,NA,Pink,3,NA,NA,NA,NA,NA,NA,NA
2023-06-30T00:00:00Z,8,Run8.P1,NA,RRT,RRT.Apal-165,NA,NA,NA,Pink,4,NA,NA,NA,NA,NA,NA,NA
2023-06-30T00:00:00Z,8,Run8.P1,NA,RRT,RRT.Apal-185,NA,NA,NA,Pink,5,NA,NA,NA,NA,NA,NA,NA
2023-06-30T00:00:00Z,8,Run8.P1,NA,RRT,RRT.Apal-ML2,NA,NA,NA,Pink,6,NA,NA,NA,NA,NA,NA,NA
2023-06-30T00:00:00Z,8,Run8.P1,NA,RRT,RRT.Apal-196,NA,NA,NA,Pink,7,NA,NA,NA,NA,NA,NA,NA
2023-06-30T00:00:00Z,8,Run8.P1,NA,RRT,RRT.Apal-176,NA,NA,NA,Pink,8,NA,NA,NA,NA,NA,NA,NA
2023-06-30T00:00:00Z,8,Run8.P1,NA,RRT,RRT.Apal-175,NA,NA,NA,Orange,1,NA,NA,NA,NA,NA,NA,NA
2023-06-30T00:00:00Z,8,Run8.P1,NA,RRT,RRT.Apal-188,NA,NA,NA,Orange,2,NA,NA,NA,NA,NA,NA,NA
2023-06-30T00:00:00Z,8,Run8.P1,NA,RRT,RRT.Apal-150,NA,NA,NA,Orange,3,NA,NA,NA,NA,NA,NA,NA
2023-06-30T00:00:00Z,8,Run8.P1,NA,RRT,RRT.Apal-153,NA,NA,NA,Orange,4,NA,NA,NA,NA,NA,NA,NA
2023-06-30T00:00:00Z,8,Run8.P1,NA,RRT,RRT.Apal-028,NA,NA,NA,Orange,5,NA,NA,NA,NA,NA,NA,NA
2023-06-30T00:00:00Z,8,Run8.P1,NA,RRT,RRT.Apal-162,NA,NA,NA,Orange,6,NA,NA,NA,NA,NA,NA,NA
2023-06-30T00:00:00Z,8,Run8.P1,NA,RRT,RRT.Apal-208,NA,NA,NA,Orange,7,NA,NA,NA,NA,NA,NA,NA
2023-06-30T00:00:00Z,8,Run8.P1,NA,RRT,RRT.Apal-016,NA,NA,NA,Orange,8,NA,NA,NA,NA,NA,NA,NA
2023-06-30T00:00:00Z,8,Run8.P1,NA,RRT,RRT.Apal-163,NA,NA,NA,Yellow,1,NA,NA,NA,NA,NA,NA,NA
2023-06-30T00:00:00Z,8,Run8.P1,NA,RRT,RRT.Apal-177,NA,NA,NA,Yellow,2,NA,NA,NA,NA,NA,NA,NA
2023-06-30T00:00:00Z,8,Run8.P1,NA,RRT,RRT.Apal-171,NA,NA,NA,Yellow,3,NA,NA,NA,NA,NA,NA,NA
2023-06-30T00:00:00Z,8,Run8.P1,NA,RRT,RRT.Apal-187,NA,NA,NA,Yellow,4,NA,NA,NA,NA,NA,NA,NA
2023-06-30T00:00:00Z,8,Run8.P1,NA,RRT,RRT.Apal-174,NA,NA,NA,Yellow,5,NA,NA,NA,NA,NA,NA,NA
2023-06-30T00:00:00Z,8,Run8.P1,NA,RRT,RRT.Apal-155,NA,NA,NA,Yellow,6,NA,NA,NA,NA,NA,NA,NA
2023-06-30T00:00:00Z,8,Run8.P1,NA,CRF,CRF.Apal-069,NA,NA,NA,Yellow,7,NA,NA,NA,NA,NA,NA,NA
2023-06-30T00:00:00Z,8,Run8.P1,NA,CRF,CRF.Apal-206,NA,NA,NA,Yellow,8,NA,NA,NA,NA,NA,NA,NA
2023-06-30T00:00:00Z,8,Run8.P1,NA,CRF,CRF.Apal-063,NA,NA,NA,UM,1,NA,NA,NA,NA,NA,NA,NA
2023-06-30T00:00:00Z,8,Run8.P1,NA,CRF,CRF.Apal-068,NA,NA,NA,UM,2,NA,NA,NA,NA,NA,NA,NA
2023-06-30T00:00:00Z,8,Run8.P1,NA,CRF,CRF.Apal-022,NA,NA,NA,UM,3,NA,NA,NA,NA,NA,NA,NA
2023-06-30T00:00:00Z,8,Run8.P1,NA,CRF,CRF.Apal-067,NA,NA,NA,UM,4,NA,NA,NA,NA,NA,NA,NA
2023-06-30T00:00:00Z,8,Run8.P1,NA,CRF,CRF.Apro-001,NA,NA,NA,UM,5,NA,NA,NA,NA,NA,NA,NA
2023-06-30T00:00:00Z,8,Run8.P1,NA,CRF,CRF.Apal-047,NA,NA,NA,UM,6,NA,NA,NA,NA,NA,NA,NA
2023-06-30T00:00:00Z,8,Run8.P1,NA,CRF,CRF.Apal-012,NA,NA,NA,UM,7,NA,NA,NA,NA,NA,NA,NA
2023-06-30T00:00:00Z,8,Run8.P1,NA,CRF,CRF.Acer-112,NA,NA,NA,Blue,1,NA,NA,NA,NA,NA,NA,NA
2023-06-30T00:00:00Z,8,Run8.P1,NA,CRF,CRF.Acer-089,NA,NA,NA,Blue,2,NA,NA,NA,NA,NA,NA,NA
2023-06-30T00:00:00Z,8,Run8.P1,NA,CRF,CRF.Acer-091,NA,NA,NA,Blue,3,NA,NA,NA,NA,NA,NA,NA
2023-06-30T00:00:00Z,8,Run8.P1,NA,CRF,CRF.Acer-022,NA,NA,NA,Blue,4,NA,NA,NA,NA,NA,NA,NA
2023-06-30T00:00:00Z,8,Run8.P1,NA,CRF,CRF.Acer-038,NA,NA,NA,Blue,5,NA,NA,NA,NA,NA,NA,NA
2023-06-30T00:00:00Z,8,Run8.P1,NA,CRF,CRF.Acer-093,NA,NA,NA,Blue,6,NA,NA,NA,NA,NA,NA,NA
2023-06-30T00:00:00Z,8,Run8.P1,NA,CRF,CRF.Acer-050,NA,NA,NA,Blue,7,NA,NA,NA,NA,NA,NA,NA
2023-06-30T00:00:00Z,8,Run8.P1,NA,CRF,CRF.Acer-088,NA,NA,NA,Blue,8,NA,NA,NA,NA,NA,NA,NA
2023-06-30T00:00:00Z,8,Run8.P1,NA,CRF,CRF.Acer-063,NA,NA,NA,Black,1,NA,NA,NA,NA,NA,NA,NA
2023-06-30T00:00:00Z,8,Run8.P1,NA,CRF,CRF.Acer-060,NA,NA,NA,Black,2,NA,NA,NA,NA,NA,NA,NA
2023-06-30T00:00:00Z,8,Run8.P1,NA,CRF,CRF.Acer-013,NA,NA,NA,Black,3,NA,NA,NA,NA,NA,NA,NA
2023-06-30T00:00:00Z,8,Run8.P1,NA,CRF,CRF.Apal-072,NA,NA,NA,Black,4,NA,NA,NA,NA,NA,NA,NA
2023-06-30T00:00:00Z,8,Run8.P1,NA,CRF,CRF.Apal-052,NA,NA,NA,Black,5,NA,NA,NA,NA,NA,NA,NA
2023-06-30T00:00:00Z,8,Run8.P1,NA,CRF,CRF.Apal-001,NA,NA,NA,Black,6,NA,NA,NA,NA,NA,NA,NA
